episode,title,source_words,rewrite_words,main_fix,output_file
140,The Elevator That Asked for Blood,1151,1068,Made the haunted-elevator rule concrete and turned the final chime into a repeatable warning.,140-the-elevator-that-asked-for-blood-youtube-rewrite.md
141,The Smiling Man on the Security Feed,1141,1041,"Strengthened surveillance logic: no zooming, archive proof, thumbnail payoff.",141-the-smiling-man-on-the-security-feed-youtube-rewrite.md
142,The Well Behind the Gas Station,1142,1047,Clarified the payment rule and made the coins/blood evidence more procedural.,142-the-well-behind-the-gas-station-youtube-rewrite.md
143,The Postcard from the House I Never Visited,1122,1050,Built the non-existent room mystery around mail evidence and home invasion dread.,143-the-postcard-from-the-house-i-never-visited-youtube-rewrite.md
144,The Snowplow Found Fresh Skin,1127,1055,"Reduced gore; focused on route logs, snowbank rule, and atmospheric body-horror implication.",144-the-snowplow-found-fresh-skin-youtube-rewrite.md
145,The Classroom That Appeared at Midnight,1117,1038,Converted outline into a midnight lesson scenario with the chalk/name rule.,145-the-classroom-that-appeared-at-midnight-youtube-rewrite.md
146,The Woman in the Emergency Exit Sign,1118,1045,Made the sign an active misdirection device and strengthened the wrong-exit rule.,146-the-woman-in-the-emergency-exit-sign-youtube-rewrite.md
147,The Lake That Refused to Reflect Stars,1123,1054,"Tied the cosmic reflection idea to photos, timing, and a leave-before-moonrise rule.",147-the-lake-that-refused-to-reflect-stars-youtube-rewrite.md
148,The Last VHS at the Video Store,1117,1061,"Made the cursed media mechanics clearer: do not rewind, tape finds the beginning.",148-the-last-vhs-at-the-video-store-youtube-rewrite.md
149,The Motel Bible Had My Name Written Inside,1121,1044,Strengthened room-specific dread and the name-in-Bible consequence.,149-the-motel-bible-had-my-name-written-inside-youtube-rewrite.md
150,The Drone Swarm Over Black Farm,1113,1050,Turned the swarm into a telemetry-driven trap with a visual center-circle rule.,150-the-drone-swarm-over-black-farm-youtube-rewrite.md
151,The Basement Window Looking Out to Sea,1098,1032,Made the inland sea impossible detail more visual and rule-driven.,151-the-basement-window-looking-out-to-sea-youtube-rewrite.md
152,The Crow That Delivered Teeth,1114,1046,Reduced shock value around teeth and made them receipts/warnings.,152-the-crow-that-delivered-teeth-youtube-rewrite.md
153,The Door in the Hospital Ceiling,1098,1038,"Connected monitors, breathing, and the ceiling door into a clear ward rule.",153-the-door-in-the-hospital-ceiling-youtube-rewrite.md
154,The Old GPS Route Through Nowhere,1109,1037,Strengthened route logic and made the GPS trap feel procedural.,154-the-old-gps-route-through-nowhere-youtube-rewrite.md
155,The Wedding Guest No One Invited,1109,1046,Anchored the uninvited guest in seating charts and wedding footage.,155-the-wedding-guest-no-one-invited-youtube-rewrite.md
156,The Wardrobe That Returned Different Clothes,1102,1048,Improved cursed-clothing mechanics and stage-performance payoff.,156-the-wardrobe-that-returned-different-clothes-youtube-rewrite.md
157,The Ice Cream Truck After Midnight,1107,1053,Made the midnight truck rule stronger and avoided child-focused danger.,157-the-ice-cream-truck-after-midnight-youtube-rewrite.md
158,The Recording Booth With Another Voice,1113,1047,"Focused on playback evidence, voice mimicry, and silence as threat.",158-the-recording-booth-with-another-voice-youtube-rewrite.md
159,The Cemetery Angel Changed Faces,1095,1030,Clarified the face-changing statue timeline and sunset rule.,159-the-cemetery-angel-changed-faces-youtube-rewrite.md
160,The Laundromat Washer Full of Hair,1115,1042,Made machine seven a contained threat with open/don’t-open tension.,160-the-laundromat-washer-full-of-hair-youtube-rewrite.md
161,The Ambulance That Came Before the Call,1090,1025,Strengthened timestamp logic and dispatch-before-call paradox.,161-the-ambulance-that-came-before-the-call-youtube-rewrite.md
162,The Red Light in the Cornfield,1123,1052,Made the cornfield light a movement lure rather than vague atmosphere.,162-the-red-light-in-the-cornfield-youtube-rewrite.md
163,The Tenant Who Paid Rent in Teeth,1118,1051,Clarified the rent-in-teeth rule and apartment 6C consequence.,163-the-tenant-who-paid-rent-in-teeth-youtube-rewrite.md
164,The Fire Alarm That Whispered Names,1102,1053,Made alarm inspection and evacuation routes the core tension.,164-the-fire-alarm-that-whispered-names-youtube-rewrite.md
165,The Houseplants Grew Toward the Closet,1106,1039,Tied plant movement to the closet and the don’t-water rule.,165-the-houseplants-grew-toward-the-closet-youtube-rewrite.md
166,The Bridge That Charges a Toll,1126,1050,Made the toll rule explicit and improved the credit/debt ending.,166-the-bridge-that-charges-a-toll-youtube-rewrite.md
167,The Voice Mail from Beneath the Bed,1113,1055,Strengthened under-bed audio source and no-reaching rule.,167-the-voice-mail-from-beneath-the-bed-youtube-rewrite.md
168,The Observatory Saw Something Looking Back,1105,1048,"Connected telescope tracking, coordinates, and cosmic response.",168-the-observatory-saw-something-looking-back-youtube-rewrite.md
169,The Dolls in the Flooded Church,1104,1033,Made the flooded church visual and clarified the turn-around rule.,169-the-dolls-in-the-flooded-church-youtube-rewrite.md
170,The Face in Every Window,1102,1028,Strengthened repeated-face photography evidence and final frame.,170-the-face-in-every-window-youtube-rewrite.md
171,The Ninth Camper Returned,1103,1035,Focused on counting logic and replacement payoff.,171-the-ninth-camper-returned-youtube-rewrite.md
172,The Grocery Aisle That Never Ends,1107,1052,Made aisle-thirteen loop mechanics clearer and more visual.,172-the-grocery-aisle-that-never-ends-youtube-rewrite.md
173,The Station Clock Ran Backwards,1103,1043,"Tied backward time to trains, board entries, and refusal to board.",173-the-station-clock-ran-backwards-youtube-rewrite.md
174,The Door with No Room Behind It,1114,1039,Made building-plan contradiction and knocking rule central.,174-the-door-with-no-room-behind-it-youtube-rewrite.md
175,The Last Customer at the Barber Shop,1117,1053,Added mirror/no-reflection rule and legacy barber-shop atmosphere.,175-the-last-customer-at-the-barber-shop-youtube-rewrite.md
176,The Tunnel Workers Heard a Choir,1094,1038,Made the choir a drilling-boundary warning with sealed-concrete payoff.,176-the-tunnel-workers-heard-a-choir-youtube-rewrite.md
177,The Hotel Pool on the Roof,1104,1041,Clarified the impossible rooftop pool and the swim-alone rule.,177-the-hotel-pool-on-the-roof-youtube-rewrite.md
178,The House Where Shoes Walk Alone,1099,1029,Turned walking shoes into an escape/pathway threat.,178-the-house-where-shoes-walk-alone-youtube-rewrite.md
179,The Phone Booth in the Field,1101,1047,Made the name-answering rule and field isolation stronger.,179-the-phone-booth-in-the-field-youtube-rewrite.md
180,The Power Outage That Moved House,1103,1036,Made room-counting and house movement the core mechanics.,180-the-power-outage-that-moved-house-youtube-rewrite.md
181,The Old Woman on the Traffic Camera,1122,1056,Clarified the red/green light permission rule.,181-the-old-woman-on-the-traffic-camera-youtube-rewrite.md
182,The Message Written in Condensation,1104,1039,Made the mirror message rule specific and paced the unfinished last word.,182-the-message-written-in-condensation-youtube-rewrite.md
183,The Train Seat Reserved for the Dead,1107,1036,Strengthened reservation manifest and dead-seat replacement.,183-the-train-seat-reserved-for-the-dead-youtube-rewrite.md
184,The Quarry Siren,1096,1048,Made echo-answering and siren timing central.,184-the-quarry-siren-youtube-rewrite.md
185,The Window in the Floor,1119,1048,Clarified the under-floor gaze and don’t-step rule.,185-the-window-in-the-floor-youtube-rewrite.md
186,The Funeral Procession That Followed Me Home,1122,1032,Made overtaking/procession logic more direct and visual.,186-the-funeral-procession-that-followed-me-home-youtube-rewrite.md
187,The Black Tent at the Campsite,1100,1035,Made footprint/stakes/site-neighbor rule clear.,187-the-black-tent-at-the-campsite-youtube-rewrite.md
188,The Static That Learned to Breathe,1075,1034,Focused on breath-sync audio and stop-playback mechanics.,188-the-static-that-learned-to-breathe-youtube-rewrite.md
189,The New Grave in My Backyard,1106,1039,Tied future-dated marker to read-aloud rule and backyard payoff.,189-the-new-grave-in-my-backyard-youtube-rewrite.md
