id,format,series,locale,wordCount,wpm,estimatedSeconds,timingPass,timingNormalized,originalWordCount,path
osc-l01,long,offer-sales-conversion,de,1461,145,604.6,True,,,content/long/de/osc-01-a-good-business-starts-with-the-right-business-model.md
osc-l01,long,offer-sales-conversion,en,1514,150,605.6,True,,,content/long/en/osc-01-a-good-business-starts-with-the-right-business-model.md
osc-l01,long,offer-sales-conversion,es,1517,150,606.8,True,,,content/long/es/osc-01-a-good-business-starts-with-the-right-business-model.md
osc-l01,long,offer-sales-conversion,fr,1460,150,584.0,True,,,content/long/fr/osc-01-a-good-business-starts-with-the-right-business-model.md
osc-l01,long,offer-sales-conversion,it,1493,150,597.2,True,,,content/long/it/osc-01-a-good-business-starts-with-the-right-business-model.md
osc-l01,long,offer-sales-conversion,pt,1516,150,606.4,True,,,content/long/pt/osc-01-a-good-business-starts-with-the-right-business-model.md
osc-l02,long,offer-sales-conversion,de,1440,145,595.9,True,,,content/long/de/osc-02-your-ideal-customer-is-not-everyone.md
osc-l02,long,offer-sales-conversion,en,1526,150,610.4,True,,,content/long/en/osc-02-your-ideal-customer-is-not-everyone.md
osc-l02,long,offer-sales-conversion,es,1474,150,589.6,True,,,content/long/es/osc-02-your-ideal-customer-is-not-everyone.md
osc-l02,long,offer-sales-conversion,fr,1492,150,596.8,True,,,content/long/fr/osc-02-your-ideal-customer-is-not-everyone.md
osc-l02,long,offer-sales-conversion,it,1497,150,598.8,True,,,content/long/it/osc-02-your-ideal-customer-is-not-everyone.md
osc-l02,long,offer-sales-conversion,pt,1477,150,590.8,True,,,content/long/pt/osc-02-your-ideal-customer-is-not-everyone.md
osc-l03,long,offer-sales-conversion,de,1461,145,604.6,True,,,content/long/de/osc-03-people-dont-buy-your-product-they-buy-the-promise.md
osc-l03,long,offer-sales-conversion,en,1508,150,603.2,True,,,content/long/en/osc-03-people-dont-buy-your-product-they-buy-the-promise.md
osc-l03,long,offer-sales-conversion,es,1507,150,602.8,True,,,content/long/es/osc-03-people-dont-buy-your-product-they-buy-the-promise.md
osc-l03,long,offer-sales-conversion,fr,1543,150,617.2,True,,,content/long/fr/osc-03-people-dont-buy-your-product-they-buy-the-promise.md
osc-l03,long,offer-sales-conversion,it,1494,150,597.6,True,,,content/long/it/osc-03-people-dont-buy-your-product-they-buy-the-promise.md
osc-l03,long,offer-sales-conversion,pt,1455,150,582.0,True,,,content/long/pt/osc-03-people-dont-buy-your-product-they-buy-the-promise.md
osc-l04,long,offer-sales-conversion,de,1488,145,615.7,True,,,content/long/de/osc-04-how-to-build-an-offer-people-actually-want.md
osc-l04,long,offer-sales-conversion,en,1545,150,618.0,True,,,content/long/en/osc-04-how-to-build-an-offer-people-actually-want.md
osc-l04,long,offer-sales-conversion,es,1514,150,605.6,True,,,content/long/es/osc-04-how-to-build-an-offer-people-actually-want.md
osc-l04,long,offer-sales-conversion,fr,1462,150,584.8,True,,,content/long/fr/osc-04-how-to-build-an-offer-people-actually-want.md
osc-l04,long,offer-sales-conversion,it,1506,150,602.4,True,,,content/long/it/osc-04-how-to-build-an-offer-people-actually-want.md
osc-l04,long,offer-sales-conversion,pt,1534,150,613.6,True,,,content/long/pt/osc-04-how-to-build-an-offer-people-actually-want.md
osc-l05,long,offer-sales-conversion,de,1402,145,580.1,True,,,content/long/de/osc-05-stop-improving-the-marketing-fix-the-product.md
osc-l05,long,offer-sales-conversion,en,1465,150,586.0,True,,,content/long/en/osc-05-stop-improving-the-marketing-fix-the-product.md
osc-l05,long,offer-sales-conversion,es,1468,150,587.2,True,,,content/long/es/osc-05-stop-improving-the-marketing-fix-the-product.md
osc-l05,long,offer-sales-conversion,fr,1490,150,596.0,True,,,content/long/fr/osc-05-stop-improving-the-marketing-fix-the-product.md
osc-l05,long,offer-sales-conversion,it,1460,150,584.0,True,,,content/long/it/osc-05-stop-improving-the-marketing-fix-the-product.md
osc-l05,long,offer-sales-conversion,pt,1452,150,580.8,True,,,content/long/pt/osc-05-stop-improving-the-marketing-fix-the-product.md
osc-l06,long,offer-sales-conversion,de,1421,145,588.0,True,,,content/long/de/osc-06-attention-is-not-conversion.md
osc-l06,long,offer-sales-conversion,en,1548,150,619.2,True,,,content/long/en/osc-06-attention-is-not-conversion.md
osc-l06,long,offer-sales-conversion,es,1480,150,592.0,True,,,content/long/es/osc-06-attention-is-not-conversion.md
osc-l06,long,offer-sales-conversion,fr,1456,150,582.4,True,,,content/long/fr/osc-06-attention-is-not-conversion.md
osc-l06,long,offer-sales-conversion,it,1523,150,609.2,True,,,content/long/it/osc-06-attention-is-not-conversion.md
osc-l06,long,offer-sales-conversion,pt,1465,150,586.0,True,,,content/long/pt/osc-06-attention-is-not-conversion.md
osc-l07,long,offer-sales-conversion,de,1495,145,618.6,True,,,content/long/de/osc-07-why-selling-feels-difficult.md
osc-l07,long,offer-sales-conversion,en,1480,150,592.0,True,,,content/long/en/osc-07-why-selling-feels-difficult.md
osc-l07,long,offer-sales-conversion,es,1482,150,592.8,True,,,content/long/es/osc-07-why-selling-feels-difficult.md
osc-l07,long,offer-sales-conversion,fr,1529,150,611.6,True,,,content/long/fr/osc-07-why-selling-feels-difficult.md
osc-l07,long,offer-sales-conversion,it,1474,150,589.6,True,,,content/long/it/osc-07-why-selling-feels-difficult.md
osc-l07,long,offer-sales-conversion,pt,1493,150,597.2,True,,,content/long/pt/osc-07-why-selling-feels-difficult.md
osc-l08,long,offer-sales-conversion,de,1484,145,614.1,True,,,content/long/de/osc-08-sales-without-chasing-everyone.md
osc-l08,long,offer-sales-conversion,en,1510,150,604.0,True,,,content/long/en/osc-08-sales-without-chasing-everyone.md
osc-l08,long,offer-sales-conversion,es,1463,150,585.2,True,,,content/long/es/osc-08-sales-without-chasing-everyone.md
osc-l08,long,offer-sales-conversion,fr,1544,150,617.6,True,,,content/long/fr/osc-08-sales-without-chasing-everyone.md
osc-l08,long,offer-sales-conversion,it,1456,150,582.4,True,,,content/long/it/osc-08-sales-without-chasing-everyone.md
osc-l08,long,offer-sales-conversion,pt,1504,150,601.6,True,,,content/long/pt/osc-08-sales-without-chasing-everyone.md
osc-s01a,short,offer-sales-conversion,de,220,150,88.0,True,True,176,content/shorts/de/osc-01a-revenue-is-not-a-good-business.md
osc-s01a,short,offer-sales-conversion,en,229,155,88.6,True,True,184,content/shorts/en/osc-01a-revenue-is-not-a-good-business.md
osc-s01a,short,offer-sales-conversion,es,229,155,88.6,True,True,182,content/shorts/es/osc-01a-revenue-is-not-a-good-business.md
osc-s01a,short,offer-sales-conversion,fr,239,155,92.5,True,True,179,content/shorts/fr/osc-01a-revenue-is-not-a-good-business.md
osc-s01a,short,offer-sales-conversion,it,229,155,88.6,True,True,184,content/shorts/it/osc-01a-revenue-is-not-a-good-business.md
osc-s01a,short,offer-sales-conversion,pt,232,155,89.8,True,True,193,content/shorts/pt/osc-01a-revenue-is-not-a-good-business.md
osc-s01b,short,offer-sales-conversion,de,226,150,90.4,True,True,189,content/shorts/de/osc-01b-if-you-stop-working-does-your-revenue-stop-too.md
osc-s01b,short,offer-sales-conversion,en,233,155,90.2,True,True,192,content/shorts/en/osc-01b-if-you-stop-working-does-your-revenue-stop-too.md
osc-s01b,short,offer-sales-conversion,es,235,155,91.0,True,True,179,content/shorts/es/osc-01b-if-you-stop-working-does-your-revenue-stop-too.md
osc-s01b,short,offer-sales-conversion,fr,228,155,88.3,True,True,185,content/shorts/fr/osc-01b-if-you-stop-working-does-your-revenue-stop-too.md
osc-s01b,short,offer-sales-conversion,it,231,155,89.4,True,True,177,content/shorts/it/osc-01b-if-you-stop-working-does-your-revenue-stop-too.md
osc-s01b,short,offer-sales-conversion,pt,232,155,89.8,True,True,177,content/shorts/pt/osc-01b-if-you-stop-working-does-your-revenue-stop-too.md
osc-s02a,short,offer-sales-conversion,de,227,150,90.8,True,True,196,content/shorts/de/osc-02a-stop-targeting-everyone.md
osc-s02a,short,offer-sales-conversion,en,232,155,89.8,True,True,216,content/shorts/en/osc-02a-stop-targeting-everyone.md
osc-s02a,short,offer-sales-conversion,es,232,155,89.8,True,True,202,content/shorts/es/osc-02a-stop-targeting-everyone.md
osc-s02a,short,offer-sales-conversion,fr,229,155,88.6,True,True,181,content/shorts/fr/osc-02a-stop-targeting-everyone.md
osc-s02a,short,offer-sales-conversion,it,233,155,90.2,True,True,216,content/shorts/it/osc-02a-stop-targeting-everyone.md
osc-s02a,short,offer-sales-conversion,pt,233,155,90.2,True,True,208,content/shorts/pt/osc-02a-stop-targeting-everyone.md
osc-s02b,short,offer-sales-conversion,de,220,150,88.0,True,True,167,content/shorts/de/osc-02b-stop-posting-where-your-customers-arent.md
osc-s02b,short,offer-sales-conversion,en,228,155,88.3,True,True,175,content/shorts/en/osc-02b-stop-posting-where-your-customers-arent.md
osc-s02b,short,offer-sales-conversion,es,225,155,87.1,True,True,172,content/shorts/es/osc-02b-stop-posting-where-your-customers-arent.md
osc-s02b,short,offer-sales-conversion,fr,233,155,90.2,True,True,178,content/shorts/fr/osc-02b-stop-posting-where-your-customers-arent.md
osc-s02b,short,offer-sales-conversion,it,227,155,87.9,True,True,179,content/shorts/it/osc-02b-stop-posting-where-your-customers-arent.md
osc-s02b,short,offer-sales-conversion,pt,226,155,87.5,True,True,174,content/shorts/pt/osc-02b-stop-posting-where-your-customers-arent.md
osc-s03a,short,offer-sales-conversion,de,227,150,90.8,True,True,177,content/shorts/de/osc-03a-what-does-your-customer-really-buy.md
osc-s03a,short,offer-sales-conversion,en,234,155,90.6,True,True,194,content/shorts/en/osc-03a-what-does-your-customer-really-buy.md
osc-s03a,short,offer-sales-conversion,es,228,155,88.3,True,True,187,content/shorts/es/osc-03a-what-does-your-customer-really-buy.md
osc-s03a,short,offer-sales-conversion,fr,235,155,91.0,True,True,183,content/shorts/fr/osc-03a-what-does-your-customer-really-buy.md
osc-s03a,short,offer-sales-conversion,it,230,155,89.0,True,True,215,content/shorts/it/osc-03a-what-does-your-customer-really-buy.md
osc-s03a,short,offer-sales-conversion,pt,234,155,90.6,True,True,194,content/shorts/pt/osc-03a-what-does-your-customer-really-buy.md
osc-s03b,short,offer-sales-conversion,de,223,150,89.2,True,True,181,content/shorts/de/osc-03b-the-promise-formula.md
osc-s03b,short,offer-sales-conversion,en,229,155,88.6,True,True,169,content/shorts/en/osc-03b-the-promise-formula.md
osc-s03b,short,offer-sales-conversion,es,237,155,91.7,True,True,189,content/shorts/es/osc-03b-the-promise-formula.md
osc-s03b,short,offer-sales-conversion,fr,230,155,89.0,True,True,171,content/shorts/fr/osc-03b-the-promise-formula.md
osc-s03b,short,offer-sales-conversion,it,234,155,90.6,True,True,213,content/shorts/it/osc-03b-the-promise-formula.md
osc-s03b,short,offer-sales-conversion,pt,229,155,88.6,True,True,190,content/shorts/pt/osc-03b-the-promise-formula.md
osc-s04a,short,offer-sales-conversion,de,224,150,89.6,True,True,174,content/shorts/de/osc-04a-why-good-products-still-dont-sell.md
osc-s04a,short,offer-sales-conversion,en,232,155,89.8,True,True,206,content/shorts/en/osc-04a-why-good-products-still-dont-sell.md
osc-s04a,short,offer-sales-conversion,es,229,155,88.6,True,True,184,content/shorts/es/osc-04a-why-good-products-still-dont-sell.md
osc-s04a,short,offer-sales-conversion,fr,232,155,89.8,True,True,176,content/shorts/fr/osc-04a-why-good-products-still-dont-sell.md
osc-s04a,short,offer-sales-conversion,it,234,155,90.6,True,True,205,content/shorts/it/osc-04a-why-good-products-still-dont-sell.md
osc-s04a,short,offer-sales-conversion,pt,232,155,89.8,True,True,183,content/shorts/pt/osc-04a-why-good-products-still-dont-sell.md
osc-s04b,short,offer-sales-conversion,de,219,150,87.6,True,True,170,content/shorts/de/osc-04b-make-your-offer-easier-to-buy.md
osc-s04b,short,offer-sales-conversion,en,235,155,91.0,True,True,178,content/shorts/en/osc-04b-make-your-offer-easier-to-buy.md
osc-s04b,short,offer-sales-conversion,es,230,155,89.0,True,True,181,content/shorts/es/osc-04b-make-your-offer-easier-to-buy.md
osc-s04b,short,offer-sales-conversion,fr,238,155,92.1,True,True,184,content/shorts/fr/osc-04b-make-your-offer-easier-to-buy.md
osc-s04b,short,offer-sales-conversion,it,236,155,91.4,True,True,216,content/shorts/it/osc-04b-make-your-offer-easier-to-buy.md
osc-s04b,short,offer-sales-conversion,pt,234,155,90.6,True,True,187,content/shorts/pt/osc-04b-make-your-offer-easier-to-buy.md
osc-s05a,short,offer-sales-conversion,de,222,150,88.8,True,True,177,content/shorts/de/osc-05a-marketing-may-not-be-the-problem.md
osc-s05a,short,offer-sales-conversion,en,234,155,90.6,True,True,203,content/shorts/en/osc-05a-marketing-may-not-be-the-problem.md
osc-s05a,short,offer-sales-conversion,es,232,155,89.8,True,True,194,content/shorts/es/osc-05a-marketing-may-not-be-the-problem.md
osc-s05a,short,offer-sales-conversion,fr,233,155,90.2,True,True,180,content/shorts/fr/osc-05a-marketing-may-not-be-the-problem.md
osc-s05a,short,offer-sales-conversion,it,234,155,90.6,True,True,219,content/shorts/it/osc-05a-marketing-may-not-be-the-problem.md
osc-s05a,short,offer-sales-conversion,pt,233,155,90.2,True,True,195,content/shorts/pt/osc-05a-marketing-may-not-be-the-problem.md
osc-s05b,short,offer-sales-conversion,de,220,150,88.0,True,True,172,content/shorts/de/osc-05b-too-many-choices-kill-the-offer.md
osc-s05b,short,offer-sales-conversion,en,235,155,91.0,True,True,185,content/shorts/en/osc-05b-too-many-choices-kill-the-offer.md
osc-s05b,short,offer-sales-conversion,es,231,155,89.4,True,True,186,content/shorts/es/osc-05b-too-many-choices-kill-the-offer.md
osc-s05b,short,offer-sales-conversion,fr,229,155,88.6,True,True,170,content/shorts/fr/osc-05b-too-many-choices-kill-the-offer.md
osc-s05b,short,offer-sales-conversion,it,234,155,90.6,True,True,214,content/shorts/it/osc-05b-too-many-choices-kill-the-offer.md
osc-s05b,short,offer-sales-conversion,pt,232,155,89.8,True,True,189,content/shorts/pt/osc-05b-too-many-choices-kill-the-offer.md
osc-s06a,short,offer-sales-conversion,de,218,150,87.2,True,True,169,content/shorts/de/osc-06a-views-are-not-sales.md
osc-s06a,short,offer-sales-conversion,en,235,155,91.0,True,True,184,content/shorts/en/osc-06a-views-are-not-sales.md
osc-s06a,short,offer-sales-conversion,es,226,155,87.5,True,True,171,content/shorts/es/osc-06a-views-are-not-sales.md
osc-s06a,short,offer-sales-conversion,fr,231,155,89.4,True,True,187,content/shorts/fr/osc-06a-views-are-not-sales.md
osc-s06a,short,offer-sales-conversion,it,233,155,90.2,True,True,211,content/shorts/it/osc-06a-views-are-not-sales.md
osc-s06a,short,offer-sales-conversion,pt,236,155,91.4,True,True,186,content/shorts/pt/osc-06a-views-are-not-sales.md
osc-s06b,short,offer-sales-conversion,de,225,150,90.0,True,True,178,content/shorts/de/osc-06b-trust-comes-before-conversion.md
osc-s06b,short,offer-sales-conversion,en,230,155,89.0,True,True,192,content/shorts/en/osc-06b-trust-comes-before-conversion.md
osc-s06b,short,offer-sales-conversion,es,234,155,90.6,True,True,185,content/shorts/es/osc-06b-trust-comes-before-conversion.md
osc-s06b,short,offer-sales-conversion,fr,229,155,88.6,True,True,180,content/shorts/fr/osc-06b-trust-comes-before-conversion.md
osc-s06b,short,offer-sales-conversion,it,233,155,90.2,True,True,219,content/shorts/it/osc-06b-trust-comes-before-conversion.md
osc-s06b,short,offer-sales-conversion,pt,231,155,89.4,True,True,175,content/shorts/pt/osc-06b-trust-comes-before-conversion.md
osc-s07a,short,offer-sales-conversion,de,224,150,89.6,True,True,188,content/shorts/de/osc-07a-why-selling-feels-uncomfortable.md
osc-s07a,short,offer-sales-conversion,en,233,155,90.2,True,True,192,content/shorts/en/osc-07a-why-selling-feels-uncomfortable.md
osc-s07a,short,offer-sales-conversion,es,234,155,90.6,True,True,196,content/shorts/es/osc-07a-why-selling-feels-uncomfortable.md
osc-s07a,short,offer-sales-conversion,fr,232,155,89.8,True,True,184,content/shorts/fr/osc-07a-why-selling-feels-uncomfortable.md
osc-s07a,short,offer-sales-conversion,it,233,155,90.2,True,True,217,content/shorts/it/osc-07a-why-selling-feels-uncomfortable.md
osc-s07a,short,offer-sales-conversion,pt,233,155,90.2,True,True,195,content/shorts/pt/osc-07a-why-selling-feels-uncomfortable.md
osc-s07b,short,offer-sales-conversion,de,221,150,88.4,True,True,163,content/shorts/de/osc-07b-selling-isnt-manipulation.md
osc-s07b,short,offer-sales-conversion,en,231,155,89.4,True,True,180,content/shorts/en/osc-07b-selling-isnt-manipulation.md
osc-s07b,short,offer-sales-conversion,es,226,155,87.5,True,True,178,content/shorts/es/osc-07b-selling-isnt-manipulation.md
osc-s07b,short,offer-sales-conversion,fr,231,155,89.4,True,True,184,content/shorts/fr/osc-07b-selling-isnt-manipulation.md
osc-s07b,short,offer-sales-conversion,it,234,155,90.6,True,True,218,content/shorts/it/osc-07b-selling-isnt-manipulation.md
osc-s07b,short,offer-sales-conversion,pt,227,155,87.9,True,True,173,content/shorts/pt/osc-07b-selling-isnt-manipulation.md
osc-s08a,short,offer-sales-conversion,de,225,150,90.0,True,True,188,content/shorts/de/osc-08a-stop-chasing-customers.md
osc-s08a,short,offer-sales-conversion,en,233,155,90.2,True,True,194,content/shorts/en/osc-08a-stop-chasing-customers.md
osc-s08a,short,offer-sales-conversion,es,229,155,88.6,True,True,191,content/shorts/es/osc-08a-stop-chasing-customers.md
osc-s08a,short,offer-sales-conversion,fr,227,155,87.9,True,True,170,content/shorts/fr/osc-08a-stop-chasing-customers.md
osc-s08a,short,offer-sales-conversion,it,232,155,89.8,True,True,216,content/shorts/it/osc-08a-stop-chasing-customers.md
osc-s08a,short,offer-sales-conversion,pt,234,155,90.6,True,True,202,content/shorts/pt/osc-08a-stop-chasing-customers.md
osc-s08b,short,offer-sales-conversion,de,224,150,89.6,True,True,176,content/shorts/de/osc-08b-prospecting-without-being-annoying.md
osc-s08b,short,offer-sales-conversion,en,228,155,88.3,True,True,173,content/shorts/en/osc-08b-prospecting-without-being-annoying.md
osc-s08b,short,offer-sales-conversion,es,226,155,87.5,True,True,173,content/shorts/es/osc-08b-prospecting-without-being-annoying.md
osc-s08b,short,offer-sales-conversion,fr,235,155,91.0,True,True,183,content/shorts/fr/osc-08b-prospecting-without-being-annoying.md
osc-s08b,short,offer-sales-conversion,it,234,155,90.6,True,True,203,content/shorts/it/osc-08b-prospecting-without-being-annoying.md
osc-s08b,short,offer-sales-conversion,pt,225,155,87.1,True,True,169,content/shorts/pt/osc-08b-prospecting-without-being-annoying.md
pos-l01,long,positioning,de,1391,145,575.6,True,,,content/long/de/pos-01-why-being-good-at-your-job-isnt-enough.md
pos-l01,long,positioning,en,1466,150,586.4,True,,,content/long/en/pos-01-why-being-good-at-your-job-isnt-enough.md
pos-l01,long,positioning,fr,1509,150,603.6,True,,,content/long/fr/pos-01-why-being-good-at-your-job-isnt-enough.md
pos-l01,long,positioning,it,1426,150,570.4,True,,,content/long/it/pos-01-why-being-good-at-your-job-isnt-enough.md
pos-l01,long,positioning,pt,1509,150,603.6,True,,,content/long/pt/pos-01-why-being-good-at-your-job-isnt-enough.md
pos-l01-s01,short,positioning,de,231,150,92.4,True,False,,content/shorts/de/pos-l01-s01-being-good-isnt-enough.md
pos-l01-s01,short,positioning,en,232,155,89.8,True,False,,content/shorts/en/pos-l01-s01-being-good-isnt-enough.md
pos-l01-s01,short,positioning,fr,233,155,90.2,True,False,,content/shorts/fr/pos-l01-s01-being-good-isnt-enough.md
pos-l01-s01,short,positioning,it,233,155,90.2,True,False,,content/shorts/it/pos-l01-s01-being-good-isnt-enough.md
pos-l01-s01,short,positioning,pt,234,155,90.6,True,False,,content/shorts/pt/pos-l01-s01-being-good-isnt-enough.md
pos-l01-s02,short,positioning,de,224,150,89.6,True,False,,content/shorts/de/pos-l01-s02-expertise-vs-perception.md
pos-l01-s02,short,positioning,en,230,155,89.0,True,False,,content/shorts/en/pos-l01-s02-expertise-vs-perception.md
pos-l01-s02,short,positioning,fr,233,155,90.2,True,False,,content/shorts/fr/pos-l01-s02-expertise-vs-perception.md
pos-l01-s02,short,positioning,it,239,155,92.5,True,False,,content/shorts/it/pos-l01-s02-expertise-vs-perception.md
pos-l01-s02,short,positioning,pt,230,155,89.0,True,False,,content/shorts/pt/pos-l01-s02-expertise-vs-perception.md
pos-l01-s03,short,positioning,de,220,150,88.0,True,False,,content/shorts/de/pos-l01-s03-what-do-people-remember-you-for.md
pos-l01-s03,short,positioning,en,229,155,88.6,True,False,,content/shorts/en/pos-l01-s03-what-do-people-remember-you-for.md
pos-l01-s03,short,positioning,fr,226,155,87.5,True,False,,content/shorts/fr/pos-l01-s03-what-do-people-remember-you-for.md
pos-l01-s03,short,positioning,it,227,155,87.9,True,False,,content/shorts/it/pos-l01-s03-what-do-people-remember-you-for.md
pos-l01-s03,short,positioning,pt,231,155,89.4,True,False,,content/shorts/pt/pos-l01-s03-what-do-people-remember-you-for.md
pos-l02,long,positioning,de,1478,145,611.6,True,,,content/long/de/pos-02-how-to-find-your-niche-without-making-yourself-too-small.md
pos-l02,long,positioning,en,1504,150,601.6,True,,,content/long/en/pos-02-how-to-find-your-niche-without-making-yourself-too-small.md
pos-l02,long,positioning,fr,1528,150,611.2,True,,,content/long/fr/pos-02-how-to-find-your-niche-without-making-yourself-too-small.md
pos-l02,long,positioning,it,1426,150,570.4,True,,,content/long/it/pos-02-how-to-find-your-niche-without-making-yourself-too-small.md
pos-l02,long,positioning,pt,1431,150,572.4,True,,,content/long/pt/pos-02-how-to-find-your-niche-without-making-yourself-too-small.md
pos-l02-s01,short,positioning,de,230,150,92.0,True,False,,content/shorts/de/pos-l02-s01-selling-to-everyone-is-the-problem.md
pos-l02-s01,short,positioning,en,229,155,88.6,True,False,,content/shorts/en/pos-l02-s01-selling-to-everyone-is-the-problem.md
pos-l02-s01,short,positioning,fr,240,155,92.9,True,False,,content/shorts/fr/pos-l02-s01-selling-to-everyone-is-the-problem.md
pos-l02-s01,short,positioning,it,239,155,92.5,True,False,,content/shorts/it/pos-l02-s01-selling-to-everyone-is-the-problem.md
pos-l02-s01,short,positioning,pt,230,155,89.0,True,False,,content/shorts/pt/pos-l02-s01-selling-to-everyone-is-the-problem.md
pos-l02-s02,short,positioning,de,222,150,88.8,True,False,,content/shorts/de/pos-l02-s02-why-smaller-niches-can-make-you-bigger.md
pos-l02-s02,short,positioning,en,226,155,87.5,True,False,,content/shorts/en/pos-l02-s02-why-smaller-niches-can-make-you-bigger.md
pos-l02-s02,short,positioning,fr,229,155,88.6,True,False,,content/shorts/fr/pos-l02-s02-why-smaller-niches-can-make-you-bigger.md
pos-l02-s02,short,positioning,it,240,155,92.9,True,False,,content/shorts/it/pos-l02-s02-why-smaller-niches-can-make-you-bigger.md
pos-l02-s02,short,positioning,pt,238,155,92.1,True,False,,content/shorts/pt/pos-l02-s02-why-smaller-niches-can-make-you-bigger.md
pos-l02-s03,short,positioning,de,230,150,92.0,True,False,,content/shorts/de/pos-l02-s03-market-problem-solution-test.md
pos-l02-s03,short,positioning,en,229,155,88.6,True,False,,content/shorts/en/pos-l02-s03-market-problem-solution-test.md
pos-l02-s03,short,positioning,fr,231,155,89.4,True,False,,content/shorts/fr/pos-l02-s03-market-problem-solution-test.md
pos-l02-s03,short,positioning,it,227,155,87.9,True,False,,content/shorts/it/pos-l02-s03-market-problem-solution-test.md
pos-l02-s03,short,positioning,pt,228,155,88.3,True,False,,content/shorts/pt/pos-l02-s03-market-problem-solution-test.md
pos-l03,long,positioning,de,1473,145,609.5,True,,,content/long/de/pos-03-how-to-position-yourself-as-an-expert-from-zero.md
pos-l03,long,positioning,en,1479,150,591.6,True,,,content/long/en/pos-03-how-to-position-yourself-as-an-expert-from-zero.md
pos-l03,long,positioning,fr,1485,150,594.0,True,,,content/long/fr/pos-03-how-to-position-yourself-as-an-expert-from-zero.md
pos-l03,long,positioning,it,1428,150,571.2,True,,,content/long/it/pos-03-how-to-position-yourself-as-an-expert-from-zero.md
pos-l03,long,positioning,pt,1461,150,584.4,True,,,content/long/pt/pos-03-how-to-position-yourself-as-an-expert-from-zero.md
pos-l03-s01,short,positioning,de,232,150,92.8,True,False,,content/shorts/de/pos-l03-s01-you-cant-just-call-yourself-an-expert.md
pos-l03-s01,short,positioning,en,225,155,87.1,True,False,,content/shorts/en/pos-l03-s01-you-cant-just-call-yourself-an-expert.md
pos-l03-s01,short,positioning,fr,234,155,90.6,True,False,,content/shorts/fr/pos-l03-s01-you-cant-just-call-yourself-an-expert.md
pos-l03-s01,short,positioning,it,226,155,87.5,True,False,,content/shorts/it/pos-l03-s01-you-cant-just-call-yourself-an-expert.md
pos-l03-s01,short,positioning,pt,232,155,89.8,True,False,,content/shorts/pt/pos-l03-s01-you-cant-just-call-yourself-an-expert.md
pos-l03-s02,short,positioning,de,233,150,93.2,True,False,,content/shorts/de/pos-l03-s02-three-signals-to-build-from-zero.md
pos-l03-s02,short,positioning,en,231,155,89.4,True,False,,content/shorts/en/pos-l03-s02-three-signals-to-build-from-zero.md
pos-l03-s02,short,positioning,fr,234,155,90.6,True,False,,content/shorts/fr/pos-l03-s02-three-signals-to-build-from-zero.md
pos-l03-s02,short,positioning,it,228,155,88.3,True,False,,content/shorts/it/pos-l03-s02-three-signals-to-build-from-zero.md
pos-l03-s02,short,positioning,pt,227,155,87.9,True,False,,content/shorts/pt/pos-l03-s02-three-signals-to-build-from-zero.md
pos-l03-s03,short,positioning,de,233,150,93.2,True,False,,content/shorts/de/pos-l03-s03-your-website-has-five-seconds.md
pos-l03-s03,short,positioning,en,239,155,92.5,True,False,,content/shorts/en/pos-l03-s03-your-website-has-five-seconds.md
pos-l03-s03,short,positioning,fr,238,155,92.1,True,False,,content/shorts/fr/pos-l03-s03-your-website-has-five-seconds.md
pos-l03-s03,short,positioning,it,232,155,89.8,True,False,,content/shorts/it/pos-l03-s03-your-website-has-five-seconds.md
pos-l03-s03,short,positioning,pt,234,155,90.6,True,False,,content/shorts/pt/pos-l03-s03-your-website-has-five-seconds.md
pos-l04,long,positioning,de,1482,145,613.2,True,,,content/long/de/pos-04-the-content-strategy-that-makes-people-remember-you.md
pos-l04,long,positioning,en,1495,150,598.0,True,,,content/long/en/pos-04-the-content-strategy-that-makes-people-remember-you.md
pos-l04,long,positioning,fr,1520,150,608.0,True,,,content/long/fr/pos-04-the-content-strategy-that-makes-people-remember-you.md
pos-l04,long,positioning,it,1434,150,573.6,True,,,content/long/it/pos-04-the-content-strategy-that-makes-people-remember-you.md
pos-l04,long,positioning,pt,1456,150,582.4,True,,,content/long/pt/pos-04-the-content-strategy-that-makes-people-remember-you.md
pos-l04-s01,short,positioning,de,229,150,91.6,True,False,,content/shorts/de/pos-l04-s01-stop-posting-random-content.md
pos-l04-s01,short,positioning,en,229,155,88.6,True,False,,content/shorts/en/pos-l04-s01-stop-posting-random-content.md
pos-l04-s01,short,positioning,fr,230,155,89.0,True,False,,content/shorts/fr/pos-l04-s01-stop-posting-random-content.md
pos-l04-s01,short,positioning,it,231,155,89.4,True,False,,content/shorts/it/pos-l04-s01-stop-posting-random-content.md
pos-l04-s01,short,positioning,pt,235,155,91.0,True,False,,content/shorts/pt/pos-l04-s01-stop-posting-random-content.md
pos-l04-s02,short,positioning,de,229,150,91.6,True,False,,content/shorts/de/pos-l04-s02-the-goal-is-recognition-not-views.md
pos-l04-s02,short,positioning,en,230,155,89.0,True,False,,content/shorts/en/pos-l04-s02-the-goal-is-recognition-not-views.md
pos-l04-s02,short,positioning,fr,234,155,90.6,True,False,,content/shorts/fr/pos-l04-s02-the-goal-is-recognition-not-views.md
pos-l04-s02,short,positioning,it,231,155,89.4,True,False,,content/shorts/it/pos-l04-s02-the-goal-is-recognition-not-views.md
pos-l04-s02,short,positioning,pt,231,155,89.4,True,False,,content/shorts/pt/pos-l04-s02-the-goal-is-recognition-not-views.md
pos-l04-s03,short,positioning,de,232,150,92.8,True,False,,content/shorts/de/pos-l04-s03-make-other-people-talk-about-your-expertise.md
pos-l04-s03,short,positioning,en,235,155,91.0,True,False,,content/shorts/en/pos-l04-s03-make-other-people-talk-about-your-expertise.md
pos-l04-s03,short,positioning,fr,238,155,92.1,True,False,,content/shorts/fr/pos-l04-s03-make-other-people-talk-about-your-expertise.md
pos-l04-s03,short,positioning,it,229,155,88.6,True,False,,content/shorts/it/pos-l04-s03-make-other-people-talk-about-your-expertise.md
pos-l04-s03,short,positioning,pt,240,155,92.9,True,False,,content/shorts/pt/pos-l04-s03-make-other-people-talk-about-your-expertise.md
pos-l05,long,positioning,de,1520,145,629.0,True,,,content/long/de/pos-05-why-writing-a-book-can-make-you-the-expert.md
pos-l05,long,positioning,en,1543,150,617.2,True,,,content/long/en/pos-05-why-writing-a-book-can-make-you-the-expert.md
pos-l05,long,positioning,fr,1549,150,619.6,True,,,content/long/fr/pos-05-why-writing-a-book-can-make-you-the-expert.md
pos-l05,long,positioning,it,1511,150,604.4,True,,,content/long/it/pos-05-why-writing-a-book-can-make-you-the-expert.md
pos-l05,long,positioning,pt,1521,150,608.4,True,,,content/long/pt/pos-05-why-writing-a-book-can-make-you-the-expert.md
pos-l05-s01,short,positioning,de,232,150,92.8,True,False,,content/shorts/de/pos-l05-s01-you-dont-need-a-publisher.md
pos-l05-s01,short,positioning,en,239,155,92.5,True,False,,content/shorts/en/pos-l05-s01-you-dont-need-a-publisher.md
pos-l05-s01,short,positioning,fr,237,155,91.7,True,False,,content/shorts/fr/pos-l05-s01-you-dont-need-a-publisher.md
pos-l05-s01,short,positioning,it,240,155,92.9,True,False,,content/shorts/it/pos-l05-s01-you-dont-need-a-publisher.md
pos-l05-s01,short,positioning,pt,238,155,92.1,True,False,,content/shorts/pt/pos-l05-s01-you-dont-need-a-publisher.md
pos-l05-s02,short,positioning,de,230,150,92.0,True,False,,content/shorts/de/pos-l05-s02-dont-write-a-book-about-everything-you-know.md
pos-l05-s02,short,positioning,en,236,155,91.4,True,False,,content/shorts/en/pos-l05-s02-dont-write-a-book-about-everything-you-know.md
pos-l05-s02,short,positioning,fr,240,155,92.9,True,False,,content/shorts/fr/pos-l05-s02-dont-write-a-book-about-everything-you-know.md
pos-l05-s02,short,positioning,it,229,155,88.6,True,False,,content/shorts/it/pos-l05-s02-dont-write-a-book-about-everything-you-know.md
pos-l05-s02,short,positioning,pt,233,155,90.2,True,False,,content/shorts/pt/pos-l05-s02-dont-write-a-book-about-everything-you-know.md
pos-l05-s03,short,positioning,de,219,150,87.6,True,False,,content/shorts/de/pos-l05-s03-one-book-can-become-fifty-pieces-of-content.md
pos-l05-s03,short,positioning,en,240,155,92.9,True,False,,content/shorts/en/pos-l05-s03-one-book-can-become-fifty-pieces-of-content.md
pos-l05-s03,short,positioning,fr,231,155,89.4,True,False,,content/shorts/fr/pos-l05-s03-one-book-can-become-fifty-pieces-of-content.md
pos-l05-s03,short,positioning,it,226,155,87.5,True,False,,content/shorts/it/pos-l05-s03-one-book-can-become-fifty-pieces-of-content.md
pos-l05-s03,short,positioning,pt,240,155,92.9,True,False,,content/shorts/pt/pos-l05-s03-one-book-can-become-fifty-pieces-of-content.md
pos-l06,long,positioning,de,1512,145,625.7,True,,,content/long/de/pos-06-how-to-reposition-yourself-when-your-business-changes.md
pos-l06,long,positioning,en,1512,150,604.8,True,,,content/long/en/pos-06-how-to-reposition-yourself-when-your-business-changes.md
pos-l06,long,positioning,fr,1575,150,630.0,True,,,content/long/fr/pos-06-how-to-reposition-yourself-when-your-business-changes.md
pos-l06,long,positioning,it,1497,150,598.8,True,,,content/long/it/pos-06-how-to-reposition-yourself-when-your-business-changes.md
pos-l06,long,positioning,pt,1499,150,599.6,True,,,content/long/pt/pos-06-how-to-reposition-yourself-when-your-business-changes.md
pos-l06-s01,short,positioning,de,227,150,90.8,True,False,,content/shorts/de/pos-l06-s01-your-audience-remembers-the-old-you.md
pos-l06-s01,short,positioning,en,234,155,90.6,True,False,,content/shorts/en/pos-l06-s01-your-audience-remembers-the-old-you.md
pos-l06-s01,short,positioning,fr,234,155,90.6,True,False,,content/shorts/fr/pos-l06-s01-your-audience-remembers-the-old-you.md
pos-l06-s01,short,positioning,it,229,155,88.6,True,False,,content/shorts/it/pos-l06-s01-your-audience-remembers-the-old-you.md
pos-l06-s01,short,positioning,pt,228,155,88.3,True,False,,content/shorts/pt/pos-l06-s01-your-audience-remembers-the-old-you.md
pos-l06-s02,short,positioning,de,218,150,87.2,True,False,,content/shorts/de/pos-l06-s02-changing-your-bio-isnt-repositioning.md
pos-l06-s02,short,positioning,en,230,155,89.0,True,False,,content/shorts/en/pos-l06-s02-changing-your-bio-isnt-repositioning.md
pos-l06-s02,short,positioning,fr,239,155,92.5,True,False,,content/shorts/fr/pos-l06-s02-changing-your-bio-isnt-repositioning.md
pos-l06-s02,short,positioning,it,240,155,92.9,True,False,,content/shorts/it/pos-l06-s02-changing-your-bio-isnt-repositioning.md
pos-l06-s02,short,positioning,pt,225,155,87.1,True,False,,content/shorts/pt/pos-l06-s02-changing-your-bio-isnt-repositioning.md
pos-l06-s03,short,positioning,de,233,150,93.2,True,False,,content/shorts/de/pos-l06-s03-change-what-people-know-you-for.md
pos-l06-s03,short,positioning,en,233,155,90.2,True,False,,content/shorts/en/pos-l06-s03-change-what-people-know-you-for.md
pos-l06-s03,short,positioning,fr,240,155,92.9,True,False,,content/shorts/fr/pos-l06-s03-change-what-people-know-you-for.md
pos-l06-s03,short,positioning,it,233,155,90.2,True,False,,content/shorts/it/pos-l06-s03-change-what-people-know-you-for.md
pos-l06-s03,short,positioning,pt,239,155,92.5,True,False,,content/shorts/pt/pos-l06-s03-change-what-people-know-you-for.md
tx-l004,long,transcript-derived,en,1477,150,590.8,True,,,content/long/en/tx-l004.md
tx-l011,long,transcript-derived,en,1522,150,608.8,True,,,content/long/en/tx-l011.md
tx-l018,long,transcript-derived,en,1526,150,610.4,True,,,content/long/en/tx-l018.md
tx-l050,long,transcript-derived,en,1518,150,607.2,True,,,content/long/en/tx-l050.md
tx-s021,short,transcript-derived,en,234,155,90.6,True,False,,content/shorts/en/tx-s021.md
tx-s027,short,transcript-derived,en,231,155,89.4,True,False,,content/shorts/en/tx-s027.md
